========================== BEFORE DELETION ==========================

mysql> select * from employees;
+----+---------+---------------------+--------+
| id | name    | job_title           | salary |
+----+---------+---------------------+--------+
|  1 | Aisha   | Executive           |  17000 |
|  2 | Debesh  | Developer           |  25000 |
|  3 | Pragati | Desk Manager        |  20000 |
|  4 | Rupsa   | Desk Manager (Head) |  25000 |
+----+---------+---------------------+--------+
4 rows in set (0.00 sec)



========================== AFTER DELETION ==========================

mysql> select * from employees;
+----+--------+---------------------+--------+
| id | name   | job_title           | salary |
+----+--------+---------------------+--------+
|  1 | Aisha  | Executive           |  17000 |
|  2 | Debesh | Developer           |  25000 |
|  4 | Rupsa  | Desk Manager (Head) |  25000 |
+----+--------+---------------------+--------+
3 rows in set (0.00 sec)

mysql>